path	format	strict_xml	root_signature	doctype	primary_text_paths	errors
CME/source/CME_additions/CME301.xml	ets-temphead-eebo	yes	ETS/TEMPHEAD/EEBO	ETS	ETS/EEBO/TEXT	
CME/source/CME_additions/CME302.xml	ets-temphead-eebo	yes	ETS/TEMPHEAD/EEBO	ETS	ETS/EEBO/TEXT	
CME/source/CME_from_CTA/DunTwa.xml	dlpstextclass	yes	DLPSTEXTCLASS/HEADER/TEXT		DLPSTEXTCLASS/TEXT	
CME/source/CME_from_OTA/AllitMA.xml	dlpstextclass	yes	DLPSTEXTCLASS/HEADER/TEXT		DLPSTEXTCLASS/TEXT	
CME/source/CME_from_OTA/CME90022.xml	ets-temphead-eebo	no	ETS/TEMPHEAD/EEBO	ETS	ETS/EEBO/TEXT	<string>:314:1:FATAL:PARSER:ERR_GT_REQUIRED: expected '>'
CME/source/CME_from_OTA/CME90033.xml	ets-temphead-eebo	yes	ETS/TEMPHEAD/EEBO	ETS	ETS/EEBO/TEXT	
CME/source/CME_from_OTA/CME90053.xml	ets-temphead-eebo	yes	ETS/TEMPHEAD/EEBO	ETS	ETS/EEBO/TEXT	
CME/source/CME_from_OTA/CME90162.xml	ets-temphead-eebo	yes	ETS/TEMPHEAD/EEBO	ETS	ETS/EEBO/TEXT	
CME/source/CME_from_OTA/CME90174.xml	ets-temphead-eebo	yes	ETS/TEMPHEAD/EEBO	ETS	ETS/EEBO/TEXT	
CME/source/CME_from_OTA/CT.xml	dlpstextclass	yes	DLPSTEXTCLASS/HEADER/TEXT		DLPSTEXTCLASS/TEXT	
CME/source/CME_from_OTA/ChancEng.xml	dlpstextclass	yes	DLPSTEXTCLASS/HEADER/TEXT		DLPSTEXTCLASS/TEXT	
CME/source/CME_from_OTA/Everyman.xml	dlpstextclass	yes	DLPSTEXTCLASS/HEADER/TEXT		DLPSTEXTCLASS/TEXT	
CME/source/CME_from_OTA/Gawain.xml	dlpstextclass	yes	DLPSTEXTCLASS/HEADER/TEXT		DLPSTEXTCLASS/TEXT	
CME/source/CME_from_OTA/Herebert.xml	dlpstextclass	yes	DLPSTEXTCLASS/HEADER/TEXT		DLPSTEXTCLASS/TEXT	
CME/source/CME_from_OTA/Ipomydon.xml	dlpstextclass	yes	DLPSTEXTCLASS/HEADER/TEXT		DLPSTEXTCLASS/TEXT	
CME/source/CME_from_OTA/JulianRev.xml	tei2	yes	TEI.2/TEIHEADER/TEXT		TEI.2/TEXT	
CME/source/CME_from_OTA/LayCal.lineated.xml	dlpstextclass	yes	DLPSTEXTCLASS/HEADER/TEXT		DLPSTEXTCLASS/TEXT	
CME/source/CME_from_OTA/LayOtho.lineated.xml	dlpstextclass	yes	DLPSTEXTCLASS/HEADER/TEXT		DLPSTEXTCLASS/TEXT	
CME/source/CME_from_OTA/PPlLan.xml	dlpstextclass	yes	DLPSTEXTCLASS/HEADER/TEXT		DLPSTEXTCLASS/TEXT	
CME/source/CME_from_OTA/Paston.xml	dlpstextclass	yes	DLPSTEXTCLASS/HEADER/TEXT		DLPSTEXTCLASS/TEXT	
CME/source/CME_from_OTA/Pearl.xml	dlpstextclass	yes	DLPSTEXTCLASS/HEADER/TEXT		DLPSTEXTCLASS/TEXT	
CME/source/CME_from_OTA/SJerus.xml	dlpstextclass	yes	DLPSTEXTCLASS/HEADER/TEXT		DLPSTEXTCLASS/TEXT	
CME/source/CME_from_OTA/Sawleswd.xml	dlpstextclass	yes	DLPSTEXTCLASS/HEADER/TEXT		DLPSTEXTCLASS/TEXT	
CME/source/CME_from_OTA/Troilus.xml	dlpstextclass	yes	DLPSTEXTCLASS/HEADER/TEXT		DLPSTEXTCLASS/TEXT	
CME/source/CME_from_OTA/York.xml	dlpstextclass	yes	DLPSTEXTCLASS/HEADER/TEXT		DLPSTEXTCLASS/TEXT	
CME/source/CME_phase_1-2/3KCol.xml	dlpstextclass	yes	DLPSTEXTCLASS/HEADER/TEXT		DLPSTEXTCLASS/TEXT	
CME/source/CME_phase_1-2/3rdFranRule.xml	dlpstextclass	yes	DLPSTEXTCLASS/HEADER/TEXT		DLPSTEXTCLASS/TEXT	
CME/source/CME_phase_1-2/AlphTales.xml	dlpstextclass	yes	DLPSTEXTCLASS/HEADER/TEXT		DLPSTEXTCLASS/TEXT	
CME/source/CME_phase_1-2/ArderneFistula.xml	dlpstextclass	yes	DLPSTEXTCLASS/HEADER/TEXT		DLPSTEXTCLASS/TEXT	
CME/source/CME_phase_1-2/Ayenbite.xml	dlpstextclass	yes	DLPSTEXTCLASS/HEADER/TEXT		DLPSTEXTCLASS/TEXT	
CME/source/CME_phase_1-2/Blanchardyn.xml	dlpstextclass	yes	DLPSTEXTCLASS/HEADER/TEXT		DLPSTEXTCLASS/TEXT	
CME/source/CME_phase_1-2/CharlesG.xml	dlpstextclass	yes	DLPSTEXTCLASS/HEADER/TEXT		DLPSTEXTCLASS/TEXT	
CME/source/CME_phase_1-2/ChaucerAstr.xml	dlpstextclass	yes	DLPSTEXTCLASS/HEADER/TEXT		DLPSTEXTCLASS/TEXT	
CME/source/CME_phase_1-2/ChaucerBo.xml	dlpstextclass	yes	DLPSTEXTCLASS/HEADER/TEXT		DLPSTEXTCLASS/TEXT	
CME/source/CME_phase_1-2/Confessio.xml	dlpstextclass	yes	DLPSTEXTCLASS/HEADER/TEXT		DLPSTEXTCLASS/TEXT	
CME/source/CME_phase_1-2/CookBk.xml	dlpstextclass	yes	DLPSTEXTCLASS/HEADER/TEXT		DLPSTEXTCLASS/TEXT	
CME/source/CME_phase_1-2/EEWills.xml	dlpstextclass	yes	DLPSTEXTCLASS/HEADER/TEXT		DLPSTEXTCLASS/TEXT	
CME/source/CME_phase_1-2/EGilds.xml	dlpstextclass	yes	DLPSTEXTCLASS/HEADER/TEXT		DLPSTEXTCLASS/TEXT	
CME/source/CME_phase_1-2/EngConIre.xml	dlpstextclass	yes	DLPSTEXTCLASS/HEADER/TEXT		DLPSTEXTCLASS/TEXT	
CME/source/CME_phase_1-2/GRom.xml	dlpstextclass	yes	DLPSTEXTCLASS/HEADER/TEXT		DLPSTEXTCLASS/TEXT	
CME/source/CME_phase_1-2/HMaid.xml	dlpstextclass	yes	DLPSTEXTCLASS/HEADER/TEXT		DLPSTEXTCLASS/TEXT	
CME/source/CME_phase_1-2/HarLyr.xml	dlpstextclass	yes	DLPSTEXTCLASS/HEADER/TEXT		DLPSTEXTCLASS/TEXT	
CME/source/CME_phase_1-2/HenCres.xml	dlpstextclass	yes	DLPSTEXTCLASS/HEADER/TEXT		DLPSTEXTCLASS/TEXT	
CME/source/CME_phase_1-2/HenFabl.xml	dlpstextclass	yes	DLPSTEXTCLASS/HEADER/TEXT		DLPSTEXTCLASS/TEXT	
CME/source/CME_phase_1-2/HenMino.xml	dlpstextclass	yes	DLPSTEXTCLASS/HEADER/TEXT		DLPSTEXTCLASS/TEXT	
CME/source/CME_phase_1-2/HenOrpheus.xml	dlpstextclass	yes	DLPSTEXTCLASS/HEADER/TEXT		DLPSTEXTCLASS/TEXT	
CME/source/CME_phase_1-2/Juliana.xml	dlpstextclass	yes	DLPSTEXTCLASS/HEADER/TEXT		DLPSTEXTCLASS/TEXT	
CME/source/CME_phase_1-2/KntTour-L.xml	dlpstextclass	yes	DLPSTEXTCLASS/HEADER/TEXT		DLPSTEXTCLASS/TEXT	
CME/source/CME_phase_1-2/LinDDoc.xml	dlpstextclass	yes	DLPSTEXTCLASS/HEADER/TEXT		DLPSTEXTCLASS/TEXT	
CME/source/CME_phase_1-2/LoveMirrour.xml	dlpstextclass	yes	DLPSTEXTCLASS/HEADER/TEXT		DLPSTEXTCLASS/TEXT	
CME/source/CME_phase_1-2/MaloryWks2.xml	dlpstextclass	yes	DLPSTEXTCLASS/HEADER/TEXT		DLPSTEXTCLASS/TEXT	
CME/source/CME_phase_1-2/Melusine.xml	dlpstextclass	yes	DLPSTEXTCLASS/HEADER/TEXT		DLPSTEXTCLASS/TEXT	
CME/source/CME_phase_1-2/Merlin.xml	dlpstextclass	yes	DLPSTEXTCLASS/HEADER/TEXT		DLPSTEXTCLASS/TEXT	
CME/source/CME_phase_1-2/Metham.xml	dlpstextclass	yes	DLPSTEXTCLASS/HEADER/TEXT		DLPSTEXTCLASS/TEXT	
CME/source/CME_phase_1-2/OctC.xml	dlpstextclass	yes	DLPSTEXTCLASS/HEADER/TEXT		DLPSTEXTCLASS/TEXT	
CME/source/CME_phase_1-2/OctL.xml	dlpstextclass	yes	DLPSTEXTCLASS/HEADER/TEXT		DLPSTEXTCLASS/TEXT	
CME/source/CME_phase_1-2/OwlC.xml	dlpstextclass	yes	DLPSTEXTCLASS/HEADER/TEXT		DLPSTEXTCLASS/TEXT	
CME/source/CME_phase_1-2/OwlJ.xml	dlpstextclass	yes	DLPSTEXTCLASS/HEADER/TEXT		DLPSTEXTCLASS/TEXT	
CME/source/CME_phase_1-2/PLAlex.xml	dlpstextclass	yes	DLPSTEXTCLASS/HEADER/TEXT		DLPSTEXTCLASS/TEXT	
CME/source/CME_phase_1-2/PPlCreed.xml	dlpstextclass	yes	DLPSTEXTCLASS/HEADER/TEXT		DLPSTEXTCLASS/TEXT	
CME/source/CME_phase_1-2/RatisRav.xml	dlpstextclass	yes	DLPSTEXTCLASS/HEADER/TEXT		DLPSTEXTCLASS/TEXT	
CME/source/CME_phase_1-2/RuleMinoresses.xml	dlpstextclass	yes	DLPSTEXTCLASS/HEADER/TEXT		DLPSTEXTCLASS/TEXT	
CME/source/CME_phase_1-2/RuleServLd.xml	dlpstextclass	yes	DLPSTEXTCLASS/HEADER/TEXT		DLPSTEXTCLASS/TEXT	
CME/source/CME_phase_1-2/SSecr.xml	dlpstextclass	yes	DLPSTEXTCLASS/HEADER/TEXT		DLPSTEXTCLASS/TEXT	
CME/source/CME_phase_1-2/ThreeKSon.xml	dlpstextclass	yes	DLPSTEXTCLASS/HEADER/TEXT		DLPSTEXTCLASS/TEXT	
CME/source/CME_phase_1-2/ThrnReligP.xml	dlpstextclass	yes	DLPSTEXTCLASS/HEADER/TEXT		DLPSTEXTCLASS/TEXT	
CME/source/CME_phase_1-2/Towneley.xml	dlpstextclass	yes	DLPSTEXTCLASS/HEADER/TEXT		DLPSTEXTCLASS/TEXT	
CME/source/CME_phase_1-2/Vices+V1.xml	dlpstextclass	yes	DLPSTEXTCLASS/HEADER/TEXT		DLPSTEXTCLASS/TEXT	
CME/source/CME_phase_1-2/aaw7316.xml	dlpstextclass	yes	DLPSTEXTCLASS/HEADER/TEXT		DLPSTEXTCLASS/TEXT	
CME/source/CME_phase_1-2/aba2096.xml	dlpstextclass	yes	DLPSTEXTCLASS/HEADER/TEXT		DLPSTEXTCLASS/TEXT	
CME/source/CME_phase_1-2/aca1723.xml	dlpstextclass	yes	DLPSTEXTCLASS/HEADER/TEXT		DLPSTEXTCLASS/TEXT	
CME/source/CME_phase_1-2/acb1675.xml	dlpstextclass	yes	DLPSTEXTCLASS/HEADER/TEXT		DLPSTEXTCLASS/TEXT	
CME/source/CME_phase_1-2/acd9576.xml	dlpstextclass	yes	DLPSTEXTCLASS/HEADER/TEXT		DLPSTEXTCLASS/TEXT	
CME/source/CME_phase_1-2/acm9160.xml	dlpstextclass	yes	DLPSTEXTCLASS/HEADER/TEXT		DLPSTEXTCLASS/TEXT	
CME/source/CME_phase_1-2/acn1637.xml	dlpstextclass	yes	DLPSTEXTCLASS/HEADER/TEXT		DLPSTEXTCLASS/TEXT	
CME/source/CME_phase_1-2/acs0188.xml	dlpstextclass	yes	DLPSTEXTCLASS/HEADER/TEXT		DLPSTEXTCLASS/TEXT	
CME/source/CME_phase_1-2/acv5981.xml	dlpstextclass	yes	DLPSTEXTCLASS/HEADER/TEXT		DLPSTEXTCLASS/TEXT	
CME/source/CME_phase_1-2/acw2946.xml	dlpstextclass	yes	DLPSTEXTCLASS/HEADER/TEXT		DLPSTEXTCLASS/TEXT	
CME/source/CME_phase_1-2/adq4048.xml	dlpstextclass	yes	DLPSTEXTCLASS/HEADER/TEXT		DLPSTEXTCLASS/TEXT	
CME/source/CME_phase_1-2/aeh6691.xml	dlpstextclass	yes	DLPSTEXTCLASS/HEADER/TEXT		DLPSTEXTCLASS/TEXT	
CME/source/CME_phase_1-2/aeh6713.xml	dlpstextclass	yes	DLPSTEXTCLASS/HEADER/TEXT		DLPSTEXTCLASS/TEXT	
CME/source/CME_phase_1-2/aew3422.xml	dlpstextclass	yes	DLPSTEXTCLASS/HEADER/TEXT		DLPSTEXTCLASS/TEXT	
CME/source/CME_phase_1-2/afb3713.xml	dlpstextclass	yes	DLPSTEXTCLASS/HEADER/TEXT		DLPSTEXTCLASS/TEXT	
CME/source/CME_phase_1-2/afw1075.xml	dlpstextclass	yes	DLPSTEXTCLASS/HEADER/TEXT		DLPSTEXTCLASS/TEXT	
CME/source/CME_phase_1-2/afw1383.xml	dlpstextclass	yes	DLPSTEXTCLASS/HEADER/TEXT		DLPSTEXTCLASS/TEXT	
CME/source/CME_phase_1-2/afw5744.xml	dlpstextclass	yes	DLPSTEXTCLASS/HEADER/TEXT		DLPSTEXTCLASS/TEXT	
CME/source/CME_phase_1-2/afy7793.xml	dlpstextclass	yes	DLPSTEXTCLASS/HEADER/TEXT		DLPSTEXTCLASS/TEXT	
CME/source/CME_phase_1-2/afy7823.xml	dlpstextclass	yes	DLPSTEXTCLASS/HEADER/TEXT		DLPSTEXTCLASS/TEXT	
CME/source/CME_phase_1-2/afz9170.xml	dlpstextclass	yes	DLPSTEXTCLASS/HEADER/TEXT		DLPSTEXTCLASS/TEXT	
CME/source/CME_phase_1-2/agd2855.xml	dlpstextclass	yes	DLPSTEXTCLASS/HEADER/TEXT		DLPSTEXTCLASS/TEXT	
CME/source/CME_phase_1-2/agv8488.xml	dlpstextclass	yes	DLPSTEXTCLASS/HEADER/TEXT		DLPSTEXTCLASS/TEXT	
CME/source/CME_phase_1-2/agz8232.xml	dlpstextclass	yes	DLPSTEXTCLASS/HEADER/TEXT		DLPSTEXTCLASS/TEXT	
CME/source/CME_phase_1-2/agz8233.xml	dlpstextclass	yes	DLPSTEXTCLASS/HEADER/TEXT		DLPSTEXTCLASS/TEXT	
CME/source/CME_phase_1-2/agz8234.xml	dlpstextclass	yes	DLPSTEXTCLASS/HEADER/TEXT		DLPSTEXTCLASS/TEXT	
CME/source/CME_phase_1-2/agz8235.xml	dlpstextclass	yes	DLPSTEXTCLASS/HEADER/TEXT		DLPSTEXTCLASS/TEXT	
CME/source/CME_phase_1-2/agz8236.xml	dlpstextclass	yes	DLPSTEXTCLASS/HEADER/TEXT		DLPSTEXTCLASS/TEXT	
CME/source/CME_phase_1-2/agz8246.xml	dlpstextclass	yes	DLPSTEXTCLASS/HEADER/TEXT		DLPSTEXTCLASS/TEXT	
CME/source/CME_phase_1-2/aha2626.xml	dlpstextclass	yes	DLPSTEXTCLASS/HEADER/TEXT		DLPSTEXTCLASS/TEXT	
CME/source/CME_phase_1-2/aha2638.xml	dlpstextclass	yes	DLPSTEXTCLASS/HEADER/TEXT		DLPSTEXTCLASS/TEXT	
CME/source/CME_phase_1-2/aha2639.xml	dlpstextclass	yes	DLPSTEXTCLASS/HEADER/TEXT		DLPSTEXTCLASS/TEXT	
CME/source/CME_phase_1-2/aha2659.xml	dlpstextclass	yes	DLPSTEXTCLASS/HEADER/TEXT		DLPSTEXTCLASS/TEXT	
CME/source/CME_phase_1-2/aha2688.xml	dlpstextclass	yes	DLPSTEXTCLASS/HEADER/TEXT		DLPSTEXTCLASS/TEXT	
CME/source/CME_phase_1-2/aha2700.xml	dlpstextclass	yes	DLPSTEXTCLASS/HEADER/TEXT		DLPSTEXTCLASS/TEXT	
CME/source/CME_phase_1-2/aha2702.xml	dlpstextclass	yes	DLPSTEXTCLASS/HEADER/TEXT		DLPSTEXTCLASS/TEXT	
CME/source/CME_phase_1-2/aha2705.xml	dlpstextclass	yes	DLPSTEXTCLASS/HEADER/TEXT		DLPSTEXTCLASS/TEXT	
CME/source/CME_phase_1-2/aha2706.xml	dlpstextclass	yes	DLPSTEXTCLASS/HEADER/TEXT		DLPSTEXTCLASS/TEXT	
CME/source/CME_phase_1-2/aha2708.xml	dlpstextclass	yes	DLPSTEXTCLASS/HEADER/TEXT		DLPSTEXTCLASS/TEXT	
CME/source/CME_phase_1-2/aha2711.xml	dlpstextclass	yes	DLPSTEXTCLASS/HEADER/TEXT		DLPSTEXTCLASS/TEXT	
CME/source/CME_phase_1-2/aha2727.xml	dlpstextclass	yes	DLPSTEXTCLASS/HEADER/TEXT		DLPSTEXTCLASS/TEXT	
CME/source/CME_phase_1-2/aha2735.xml	dlpstextclass	yes	DLPSTEXTCLASS/HEADER/TEXT		DLPSTEXTCLASS/TEXT	
CME/source/CME_phase_1-2/aha2736.xml	dlpstextclass	yes	DLPSTEXTCLASS/HEADER/TEXT		DLPSTEXTCLASS/TEXT	
CME/source/CME_phase_1-2/aha2738.xml	dlpstextclass	yes	DLPSTEXTCLASS/HEADER/TEXT		DLPSTEXTCLASS/TEXT	
CME/source/CME_phase_1-2/aha2740.xml	dlpstextclass	yes	DLPSTEXTCLASS/HEADER/TEXT		DLPSTEXTCLASS/TEXT	
CME/source/CME_phase_1-2/aha2749.xml	dlpstextclass	yes	DLPSTEXTCLASS/HEADER/TEXT		DLPSTEXTCLASS/TEXT	
CME/source/CME_phase_1-2/aha6127.xml	dlpstextclass	yes	DLPSTEXTCLASS/HEADER/TEXT		DLPSTEXTCLASS/TEXT	
CME/source/CME_phase_1-2/aha6129.xml	dlpstextclass	yes	DLPSTEXTCLASS/HEADER/TEXT		DLPSTEXTCLASS/TEXT	
CME/source/CME_phase_1-2/ahb1325.xml	dlpstextclass	yes	DLPSTEXTCLASS/HEADER/TEXT		DLPSTEXTCLASS/TEXT	
CME/source/CME_phase_1-2/ahb1341.xml	dlpstextclass	yes	DLPSTEXTCLASS/HEADER/TEXT		DLPSTEXTCLASS/TEXT	
CME/source/CME_phase_1-2/ahb1378.xml	dlpstextclass	yes	DLPSTEXTCLASS/HEADER/TEXT		DLPSTEXTCLASS/TEXT	
CME/source/CME_phase_1-2/ahb1379.xml	dlpstextclass	yes	DLPSTEXTCLASS/HEADER/TEXT		DLPSTEXTCLASS/TEXT	
CME/source/CME_phase_1-2/ajd3529.xml	dlpstextclass	yes	DLPSTEXTCLASS/HEADER/TEXT		DLPSTEXTCLASS/TEXT	
CME/source/CME_phase_1-2/ajd8171.xml	dlpstextclass	yes	DLPSTEXTCLASS/HEADER/TEXT		DLPSTEXTCLASS/TEXT	
CME/source/CME_phase_1-2/aje0623.xml	dlpstextclass	yes	DLPSTEXTCLASS/HEADER/TEXT		DLPSTEXTCLASS/TEXT	
CME/source/CME_phase_1-2/ajf7399.xml	dlpstextclass	yes	DLPSTEXTCLASS/HEADER/TEXT		DLPSTEXTCLASS/TEXT	
CME/source/CME_phase_1-2/ajg4507.xml	dlpstextclass	yes	DLPSTEXTCLASS/HEADER/TEXT		DLPSTEXTCLASS/TEXT	
CME/source/CME_phase_1-2/ajh1649.xml	dlpstextclass	yes	DLPSTEXTCLASS/HEADER/TEXT		DLPSTEXTCLASS/TEXT	
CME/source/CME_phase_1-2/ajt2514.xml	dlpstextclass	yes	DLPSTEXTCLASS/HEADER/TEXT		DLPSTEXTCLASS/TEXT	
CME/source/CME_phase_1-2/ajt8111.xml	dlpstextclass	yes	DLPSTEXTCLASS/HEADER/TEXT		DLPSTEXTCLASS/TEXT	
CME/source/CME_phase_1-2/ajt8124.xml	dlpstextclass	yes	DLPSTEXTCLASS/HEADER/TEXT		DLPSTEXTCLASS/TEXT	
CME/source/CME_phase_1-2/ajt8128.xml	dlpstextclass	yes	DLPSTEXTCLASS/HEADER/TEXT		DLPSTEXTCLASS/TEXT	
CME/source/CME_phase_1-2/ajt8135.xml	dlpstextclass	yes	DLPSTEXTCLASS/HEADER/TEXT		DLPSTEXTCLASS/TEXT	
CME/source/CME_phase_1-2/alt5980.xml	dlpstextclass	yes	DLPSTEXTCLASS/HEADER/TEXT		DLPSTEXTCLASS/TEXT	
CME/source/CME_phase_1-2/ant9911.xml	dlpstextclass	yes	DLPSTEXTCLASS/HEADER/TEXT		DLPSTEXTCLASS/TEXT	
CME/source/CME_phase_1-2/ant9912.xml	dlpstextclass	yes	DLPSTEXTCLASS/HEADER/TEXT		DLPSTEXTCLASS/TEXT	
CME/source/CME_phase_1-2/any9948.xml	dlpstextclass	yes	DLPSTEXTCLASS/HEADER/TEXT		DLPSTEXTCLASS/TEXT	
CME/source/CME_phase_1-2/anz2316.xml	dlpstextclass	yes	DLPSTEXTCLASS/HEADER/TEXT		DLPSTEXTCLASS/TEXT	
CME/source/CME_phase_1-2/anz4356.xml	dlpstextclass	yes	DLPSTEXTCLASS/HEADER/TEXT		DLPSTEXTCLASS/TEXT	
CME/source/CME_phase_1-2/anz4364.xml	dlpstextclass	yes	DLPSTEXTCLASS/HEADER/TEXT		DLPSTEXTCLASS/TEXT	
CME/source/CME_phase_1-2/apa1967.xml	dlpstextclass	yes	DLPSTEXTCLASS/HEADER/TEXT		DLPSTEXTCLASS/TEXT	
CME/source/CME_phase_1-2/ape7335.xml	dlpstextclass	yes	DLPSTEXTCLASS/HEADER/TEXT		DLPSTEXTCLASS/TEXT	
CME/source/CME_phase_1-2/ape7380.xml	dlpstextclass	yes	DLPSTEXTCLASS/HEADER/TEXT		DLPSTEXTCLASS/TEXT	
CME/source/CME_phase_1-2/ape9594.xml	dlpstextclass	yes	DLPSTEXTCLASS/HEADER/TEXT		DLPSTEXTCLASS/TEXT	
CME/source/CME_phase_1-2/ape9595.xml	dlpstextclass	yes	DLPSTEXTCLASS/HEADER/TEXT		DLPSTEXTCLASS/TEXT	
CME/source/CME_phase_1-2/apg1531.xml	dlpstextclass	yes	DLPSTEXTCLASS/HEADER/TEXT		DLPSTEXTCLASS/TEXT	
CME/source/CME_phase_1-2/ash2689.xml	dlpstextclass	yes	DLPSTEXTCLASS/HEADER/TEXT		DLPSTEXTCLASS/TEXT	
CME/source/CME_phase_1-2/ash3725.xml	dlpstextclass	yes	DLPSTEXTCLASS/HEADER/TEXT		DLPSTEXTCLASS/TEXT	
CME/source/CME_phase_1-2/baa8159.xml	dlpstextclass	yes	DLPSTEXTCLASS/HEADER/TEXT		DLPSTEXTCLASS/TEXT	
CME/source/CME_phase_1-2/bau0088.xml	dlpstextclass	yes	DLPSTEXTCLASS/HEADER/TEXT		DLPSTEXTCLASS/TEXT	
CME/source/CME_phase_1-2/bau1376.xml	dlpstextclass	yes	DLPSTEXTCLASS/HEADER/TEXT		DLPSTEXTCLASS/TEXT	
CME/source/CME_phase_1-2/deathjas.xml	dlpstextclass	yes	DLPSTEXTCLASS/HEADER/TEXT		DLPSTEXTCLASS/TEXT	
CME/source/CME_phase_1-2/lifesoul.xml	dlpstextclass	yes	DLPSTEXTCLASS/HEADER/TEXT		DLPSTEXTCLASS/TEXT	
CME/source/CME_phase_1-2/rollecmp.xml	dlpstextclass	yes	DLPSTEXTCLASS/HEADER/TEXT		DLPSTEXTCLASS/TEXT	
CME/source/CME_phase_1-2/rollewks.xml	dlpstextclass	yes	DLPSTEXTCLASS/HEADER/TEXT		DLPSTEXTCLASS/TEXT	
CME/source/CME_phase_1-2/tenwives.xml	dlpstextclass	yes	DLPSTEXTCLASS/HEADER/TEXT		DLPSTEXTCLASS/TEXT	
CME/source/CME_phase_3/CME00002.xml	ets-temphead-eebo	yes	ETS/TEMPHEAD/EEBO	ETS	ETS/EEBO/GROUP/TEXT;ETS/EEBO/GROUP/TEXT	
CME/source/CME_phase_3/CME00003.xml	ets-temphead-eebo	yes	ETS/TEMPHEAD/EEBO	ETS	ETS/EEBO/TEXT	
CME/source/CME_phase_3/CME00004.xml	ets-temphead-eebo	yes	ETS/TEMPHEAD/EEBO	ETS	ETS/EEBO/TEXT	
CME/source/CME_phase_3/CME00005.xml	ets-temphead-eebo	yes	ETS/TEMPHEAD/EEBO	ETS	ETS/EEBO/TEXT	
CME/source/CME_phase_3/CME00006.xml	ets-temphead-eebo	yes	ETS/TEMPHEAD/EEBO	ETS	ETS/EEBO/TEXT	
CME/source/CME_phase_3/CME00007.xml	ets-temphead-eebo	yes	ETS/TEMPHEAD/EEBO	ETS	ETS/EEBO/TEXT	
CME/source/CME_phase_3/CME00008.xml	ets-temphead-eebo	yes	ETS/TEMPHEAD/EEBO	ETS	ETS/EEBO/TEXT	
CME/source/CME_phase_3/CME00009.xml	ets-temphead-eebo	yes	ETS/TEMPHEAD/EEBO	ETS	ETS/EEBO/TEXT	
CME/source/CME_phase_3/CME00010.xml	ets-temphead-eebo	yes	ETS/TEMPHEAD/EEBO	ETS	ETS/EEBO/TEXT	
CME/source/CME_phase_3/CME00011.xml	ets-temphead-eebo	yes	ETS/TEMPHEAD/EEBO	ETS	ETS/EEBO/TEXT	
CME/source/CME_phase_3/CME00012.xml	ets-temphead-eebo	yes	ETS/TEMPHEAD/EEBO	ETS	ETS/EEBO/TEXT	
CME/source/CME_phase_3/CME00014.xml	ets-temphead-eebo	yes	ETS/TEMPHEAD/EEBO	ETS	ETS/EEBO/TEXT	
CME/source/CME_phase_3/CME00015.xml	ets-temphead-eebo	yes	ETS/TEMPHEAD/EEBO	ETS	ETS/EEBO/TEXT	
CME/source/CME_phase_3/CME00017.xml	ets-temphead-eebo	yes	ETS/TEMPHEAD/EEBO	ETS	ETS/EEBO/TEXT	
CME/source/CME_phase_3/CME00018.xml	ets-temphead-eebo	yes	ETS/TEMPHEAD/EEBO	ETS	ETS/EEBO/TEXT	
CME/source/CME_phase_3/CME00019.xml	ets-temphead-eebo	yes	ETS/TEMPHEAD/EEBO	ETS	ETS/EEBO/TEXT	
CME/source/CME_phase_3/CME00021.xml	ets-temphead-eebo	yes	ETS/TEMPHEAD/EEBO	ETS	ETS/EEBO/TEXT	
CME/source/CME_phase_3/CME00022.xml	ets-temphead-eebo	yes	ETS/TEMPHEAD/EEBO	ETS	ETS/EEBO/TEXT	
CME/source/CME_phase_3/CME00023.xml	ets-temphead-eebo	yes	ETS/TEMPHEAD/EEBO	ETS	ETS/EEBO/TEXT	
CME/source/CME_phase_3/CME00024.xml	ets-temphead-eebo	yes	ETS/TEMPHEAD/EEBO	ETS	ETS/EEBO/GROUP/TEXT	
CME/source/CME_phase_3/CME00025.xml	ets-temphead-eebo	yes	ETS/TEMPHEAD/EEBO	ETS	ETS/EEBO/GROUP/TEXT;ETS/EEBO/GROUP/TEXT;ETS/EEBO/GROUP/TEXT	
CME/source/CME_phase_3/CME00026.xml	ets-temphead-eebo	yes	ETS/TEMPHEAD/EEBO	ETS	ETS/EEBO/TEXT	
CME/source/CME_phase_3/CME00027.xml	ets-temphead-eebo	yes	ETS/TEMPHEAD/EEBO	ETS	ETS/EEBO/TEXT	
CME/source/CME_phase_3/CME00028.xml	ets-temphead-eebo	yes	ETS/TEMPHEAD/EEBO	ETS	ETS/EEBO/TEXT	
CME/source/CME_phase_3/CME00029.xml	ets-temphead-eebo	yes	ETS/TEMPHEAD/EEBO	ETS	ETS/EEBO/TEXT	
CME/source/CME_phase_3/CME00030.xml	ets-temphead-eebo	yes	ETS/TEMPHEAD/EEBO	ETS	ETS/EEBO/TEXT	
CME/source/CME_phase_3/CME00031.xml	ets-temphead-eebo	yes	ETS/TEMPHEAD/EEBO	ETS	ETS/EEBO/TEXT	
CME/source/CME_phase_3/CME00032.xml	ets-temphead-eebo	yes	ETS/TEMPHEAD/EEBO	ETS	ETS/EEBO/TEXT	
CME/source/CME_phase_3/CME00033.xml	ets-temphead-eebo	yes	ETS/TEMPHEAD/EEBO	ETS	ETS/EEBO/TEXT	
CME/source/CME_phase_3/CME00034.xml	ets-temphead-eebo	yes	ETS/TEMPHEAD/EEBO	ETS	ETS/EEBO/TEXT	
CME/source/CME_phase_3/CME00035.xml	ets-temphead-eebo	yes	ETS/TEMPHEAD/EEBO	ETS	ETS/EEBO/TEXT	
CME/source/CME_phase_3/CME00038.xml	ets-temphead-eebo	yes	ETS/TEMPHEAD/EEBO	ETS	ETS/EEBO/TEXT	
CME/source/CME_phase_3/CME00039.xml	ets-temphead-eebo	yes	ETS/TEMPHEAD/EEBO	ETS	ETS/EEBO/TEXT	
CME/source/CME_phase_3/CME00040.xml	ets-temphead-eebo	yes	ETS/TEMPHEAD/EEBO	ETS	ETS/EEBO/TEXT	
CME/source/CME_phase_3/CME00041.xml	ets-temphead-eebo	yes	ETS/TEMPHEAD/EEBO	ETS	ETS/EEBO/TEXT	
CME/source/CME_phase_3/CME00042.xml	ets-temphead-eebo	yes	ETS/TEMPHEAD/EEBO	ETS	ETS/EEBO/TEXT	
CME/source/CME_phase_3/CME00043.xml	ets-temphead-eebo	yes	ETS/TEMPHEAD/EEBO	ETS	ETS/EEBO/TEXT	
CME/source/CME_phase_3/CME00044.xml	ets-temphead-eebo	yes	ETS/TEMPHEAD/EEBO	ETS	ETS/EEBO/TEXT	
CME/source/CME_phase_3/CME00045.xml	ets-temphead-eebo	yes	ETS/TEMPHEAD/EEBO	ETS	ETS/EEBO/TEXT	
CME/source/CME_phase_3/CME00046.xml	ets-temphead-eebo	yes	ETS/TEMPHEAD/EEBO	ETS	ETS/EEBO/TEXT	
CME/source/CME_phase_3/CME00047.xml	ets-temphead-eebo	yes	ETS/TEMPHEAD/EEBO	ETS	ETS/EEBO/TEXT	
CME/source/CME_phase_3/CME00048.xml	ets-temphead-eebo	yes	ETS/TEMPHEAD/EEBO	ETS	ETS/EEBO/TEXT	
CME/source/CME_phase_3/CME00049.xml	ets-temphead-eebo	yes	ETS/TEMPHEAD/EEBO	ETS	ETS/EEBO/TEXT	
CME/source/CME_phase_3/CME00050.xml	ets-temphead-eebo	yes	ETS/TEMPHEAD/EEBO	ETS	ETS/EEBO/TEXT	
CME/source/CME_phase_3/CME00051.xml	ets-temphead-eebo	yes	ETS/TEMPHEAD/EEBO	ETS	ETS/EEBO/TEXT	
CME/source/CME_phase_3/CME00052.xml	ets-temphead-eebo	yes	ETS/TEMPHEAD/EEBO	ETS	ETS/EEBO/TEXT	
CME/source/CME_phase_3/CME00053.xml	ets-temphead-eebo	yes	ETS/TEMPHEAD/EEBO	ETS	ETS/EEBO/TEXT	
CME/source/CME_phase_3/CME00054.xml	ets-temphead-eebo	yes	ETS/TEMPHEAD/EEBO	ETS	ETS/EEBO/TEXT	
CME/source/CME_phase_3/CME00055.xml	ets-temphead-eebo	yes	ETS/TEMPHEAD/EEBO	ETS	ETS/EEBO/TEXT	
CME/source/CME_phase_3/CME00056.xml	ets-temphead-eebo	yes	ETS/TEMPHEAD/EEBO	ETS	ETS/EEBO/TEXT	
CME/source/CME_phase_3/CME00057.xml	ets-temphead-eebo	yes	ETS/TEMPHEAD/EEBO	ETS	ETS/EEBO/TEXT	
CME/source/CME_phase_3/CME00058.xml	ets-temphead-eebo	yes	ETS/TEMPHEAD/EEBO	ETS	ETS/EEBO/TEXT	
CME/source/CME_phase_3/CME00059.xml	ets-temphead-eebo	yes	ETS/TEMPHEAD/EEBO	ETS	ETS/EEBO/TEXT	
CME/source/CME_phase_3/CME00060.xml	ets-temphead-eebo	yes	ETS/TEMPHEAD/EEBO	ETS	ETS/EEBO/TEXT	
CME/source/CME_phase_3/CME00061.xml	ets-temphead-eebo	yes	ETS/TEMPHEAD/EEBO	ETS	ETS/EEBO/TEXT	
CME/source/CME_phase_3/CME00062.xml	ets-temphead-eebo	yes	ETS/TEMPHEAD/EEBO	ETS	ETS/EEBO/TEXT	
CME/source/CME_phase_3/CME00063.xml	ets-temphead-eebo	yes	ETS/TEMPHEAD/EEBO	ETS	ETS/EEBO/TEXT	
CME/source/CME_phase_3/CME00064.xml	ets-temphead-eebo	yes	ETS/TEMPHEAD/EEBO	ETS	ETS/EEBO/TEXT	
CME/source/CME_phase_3/CME00065.xml	ets-temphead-eebo	yes	ETS/TEMPHEAD/EEBO	ETS	ETS/EEBO/TEXT	
CME/source/CME_phase_3/CME00066.xml	ets-temphead-eebo	yes	ETS/TEMPHEAD/EEBO	ETS	ETS/EEBO/TEXT	
CME/source/CME_phase_3/CME00067.xml	ets-temphead-eebo	yes	ETS/TEMPHEAD/EEBO	ETS	ETS/EEBO/TEXT	
CME/source/CME_phase_3/CME00068.xml	ets-temphead-eebo	yes	ETS/TEMPHEAD/EEBO	ETS	ETS/EEBO/TEXT	
CME/source/CME_phase_3/CME00069.xml	ets-temphead-eebo	yes	ETS/TEMPHEAD/EEBO	ETS	ETS/EEBO/TEXT	
CME/source/CME_phase_3/CME00070.xml	ets-temphead-eebo	yes	ETS/TEMPHEAD/EEBO	ETS	ETS/EEBO/TEXT	
CME/source/CME_phase_3/CME00071.xml	ets-temphead-eebo	yes	ETS/TEMPHEAD/EEBO	ETS	ETS/EEBO/TEXT	
CME/source/CME_phase_3/CME00072.xml	ets-temphead-eebo	yes	ETS/TEMPHEAD/EEBO	ETS	ETS/EEBO/TEXT	
CME/source/CME_phase_3/CME00073.xml	ets-temphead-eebo	yes	ETS/TEMPHEAD/EEBO	ETS	ETS/EEBO/TEXT	
CME/source/CME_phase_3/CME00074.xml	ets-temphead-eebo	yes	ETS/TEMPHEAD/EEBO	ETS	ETS/EEBO/TEXT	
CME/source/CME_phase_3/CME00075.xml	ets-temphead-eebo	yes	ETS/TEMPHEAD/EEBO	ETS	ETS/EEBO/TEXT	
CME/source/CME_phase_3/CME00076.xml	ets-temphead-eebo	yes	ETS/TEMPHEAD/EEBO	ETS	ETS/EEBO/TEXT	
CME/source/CME_phase_3/CME00077.xml	ets-temphead-eebo	yes	ETS/TEMPHEAD/EEBO	ETS	ETS/EEBO/TEXT	
CME/source/CME_phase_3/CME00078.xml	ets-temphead-eebo	yes	ETS/TEMPHEAD/EEBO	ETS	ETS/EEBO/TEXT	
CME/source/CME_phase_3/CME00079.xml	ets-temphead-eebo	yes	ETS/TEMPHEAD/EEBO	ETS	ETS/EEBO/TEXT	
CME/source/CME_phase_3/CME00080.xml	ets-temphead-eebo	yes	ETS/TEMPHEAD/EEBO	ETS	ETS/EEBO/TEXT	
CME/source/CME_phase_3/CME00081.xml	ets-temphead-eebo	yes	ETS/TEMPHEAD/EEBO	ETS	ETS/EEBO/TEXT	
CME/source/CME_phase_3/CME00082.xml	ets-temphead-eebo	yes	ETS/TEMPHEAD/EEBO	ETS	ETS/EEBO/TEXT	
CME/source/CME_phase_3/CME00083.xml	ets-temphead-eebo	yes	ETS/TEMPHEAD/EEBO	ETS	ETS/EEBO/TEXT	
CME/source/CME_phase_3/CME00084.xml	ets-temphead-eebo	yes	ETS/TEMPHEAD/EEBO	ETS	ETS/EEBO/TEXT	
CME/source/CME_phase_3/CME00085.xml	ets-temphead-eebo	yes	ETS/TEMPHEAD/EEBO	ETS	ETS/EEBO/TEXT	
CME/source/CME_phase_3/CME00086.xml	ets-temphead-eebo	yes	ETS/TEMPHEAD/EEBO	ETS	ETS/EEBO/TEXT	
CME/source/CME_phase_3/CME00087.xml	ets-temphead-eebo	yes	ETS/TEMPHEAD/EEBO	ETS	ETS/EEBO/TEXT	
CME/source/CME_phase_3/CME00088.xml	ets-temphead-eebo	yes	ETS/TEMPHEAD/EEBO	ETS	ETS/EEBO/TEXT	
CME/source/CME_phase_3/CME00089.xml	ets-temphead-eebo	yes	ETS/TEMPHEAD/EEBO	ETS	ETS/EEBO/TEXT	
CME/source/CME_phase_3/CME00090.xml	ets-temphead-eebo	yes	ETS/TEMPHEAD/EEBO	ETS	ETS/EEBO/TEXT	
CME/source/CME_phase_3/CME00091.xml	ets-temphead-eebo	yes	ETS/TEMPHEAD/EEBO	ETS	ETS/EEBO/TEXT	
CME/source/CME_phase_3/CME00092.xml	ets-temphead-eebo	yes	ETS/TEMPHEAD/EEBO	ETS	ETS/EEBO/TEXT	
CME/source/CME_phase_3/CME00093.xml	ets-temphead-eebo	yes	ETS/TEMPHEAD/EEBO	ETS	ETS/EEBO/TEXT	
CME/source/CME_phase_3/CME00094.xml	ets-temphead-eebo	yes	ETS/TEMPHEAD/EEBO	ETS	ETS/EEBO/TEXT	
CME/source/CME_phase_3/CME00095.xml	ets-temphead-eebo	yes	ETS/TEMPHEAD/EEBO	ETS	ETS/EEBO/TEXT	
CME/source/CME_phase_3/CME00096.xml	ets-temphead-eebo	yes	ETS/TEMPHEAD/EEBO	ETS	ETS/EEBO/TEXT	
CME/source/CME_phase_3/CME00097.xml	ets-temphead-eebo	yes	ETS/TEMPHEAD/EEBO	ETS	ETS/EEBO/TEXT	
CME/source/CME_phase_3/CME00098.xml	ets-temphead-eebo	yes	ETS/TEMPHEAD/EEBO	ETS	ETS/EEBO/TEXT	
CME/source/CME_phase_3/CME00099.xml	ets-temphead-eebo	yes	ETS/TEMPHEAD/EEBO	ETS	ETS/EEBO/TEXT	
CME/source/CME_phase_3/CME00100.xml	ets-temphead-eebo	yes	ETS/TEMPHEAD/EEBO	ETS	ETS/EEBO/TEXT	
CME/source/CME_phase_3/CME00101.xml	ets-temphead-eebo	yes	ETS/TEMPHEAD/EEBO	ETS	ETS/EEBO/TEXT	
CME/source/CME_phase_3/CME00102.xml	ets-temphead-eebo	yes	ETS/TEMPHEAD/EEBO	ETS	ETS/EEBO/TEXT	
CME/source/CME_phase_3/CME00103.xml	ets-temphead-eebo	yes	ETS/TEMPHEAD/EEBO	ETS	ETS/EEBO/TEXT	
CME/source/CME_phase_3/CME00104.xml	ets-temphead-eebo	yes	ETS/TEMPHEAD/EEBO	ETS	ETS/EEBO/TEXT	
CME/source/CME_phase_3/CME00105.xml	ets-temphead-eebo	yes	ETS/TEMPHEAD/EEBO	ETS	ETS/EEBO/TEXT	
CME/source/CME_phase_3/CME00106.xml	ets-temphead-eebo	yes	ETS/TEMPHEAD/EEBO	ETS	ETS/EEBO/TEXT	
CME/source/CME_phase_3/CME00107.xml	ets-temphead-eebo	yes	ETS/TEMPHEAD/EEBO	ETS	ETS/EEBO/TEXT	
CME/source/CME_phase_3/CME00108.xml	ets-temphead-eebo	yes	ETS/TEMPHEAD/EEBO	ETS	ETS/EEBO/TEXT	
CME/source/CME_phase_3/CME00109.xml	ets-temphead-eebo	yes	ETS/TEMPHEAD/EEBO	ETS	ETS/EEBO/TEXT	
CME/source/CME_phase_3/CME00110.xml	ets-temphead-eebo	yes	ETS/TEMPHEAD/EEBO	ETS	ETS/EEBO/TEXT	
CME/source/CME_phase_3/CME00111.xml	ets-temphead-eebo	yes	ETS/TEMPHEAD/EEBO	ETS	ETS/EEBO/TEXT	
CME/source/CME_phase_3/CME00112.xml	ets-temphead-eebo	yes	ETS/TEMPHEAD/EEBO	ETS	ETS/EEBO/TEXT	
CME/source/CME_phase_3/CME00113.xml	ets-temphead-eebo	yes	ETS/TEMPHEAD/EEBO	ETS	ETS/EEBO/TEXT	
CME/source/CME_phase_3/CME00114.xml	ets-temphead-eebo	yes	ETS/TEMPHEAD/EEBO	ETS	ETS/EEBO/TEXT	
CME/source/CME_phase_3/CME00115.xml	ets-temphead-eebo	yes	ETS/TEMPHEAD/EEBO	ETS	ETS/EEBO/TEXT	
CME/source/CME_phase_3/CME00116.xml	ets-temphead-eebo	yes	ETS/TEMPHEAD/EEBO	ETS	ETS/EEBO/TEXT	
CME/source/CME_phase_3/CME00117.xml	ets-temphead-eebo	yes	ETS/TEMPHEAD/EEBO	ETS	ETS/EEBO/TEXT	
CME/source/CME_phase_3/CME00118.xml	ets-temphead-eebo	yes	ETS/TEMPHEAD/EEBO	ETS	ETS/EEBO/TEXT	
CME/source/CME_phase_3/CME00119.xml	ets-temphead-eebo	yes	ETS/TEMPHEAD/EEBO	ETS	ETS/EEBO/TEXT	
CME/source/CME_phase_3/CME00120.xml	ets-temphead-eebo	yes	ETS/TEMPHEAD/EEBO	ETS	ETS/EEBO/TEXT	
CME/source/CME_phase_3/CME00121.xml	ets-temphead-eebo	yes	ETS/TEMPHEAD/EEBO	ETS	ETS/EEBO/TEXT	
CME/source/CME_phase_3/CME00122.xml	ets-temphead-eebo	yes	ETS/TEMPHEAD/EEBO	ETS	ETS/EEBO/TEXT	
CME/source/CME_phase_3/CME00123.xml	ets-temphead-eebo	yes	ETS/TEMPHEAD/EEBO	ETS	ETS/EEBO/TEXT	
CME/source/CME_phase_3/CME00124.xml	ets-temphead-eebo	yes	ETS/TEMPHEAD/EEBO	ETS	ETS/EEBO/TEXT	
CME/source/CME_phase_3/CME00126.xml	ets-temphead-eebo	yes	ETS/TEMPHEAD/EEBO	ETS	ETS/EEBO/TEXT	
CME/source/CME_phase_3/CME00127.xml	ets-temphead-eebo	yes	ETS/TEMPHEAD/EEBO	ETS	ETS/EEBO/TEXT	
CME/source/CME_phase_3/CME00128.xml	ets-temphead-eebo	yes	ETS/TEMPHEAD/EEBO	ETS	ETS/EEBO/TEXT	
CME/source/CME_phase_3/CME00129.xml	ets-temphead-eebo	yes	ETS/TEMPHEAD/EEBO	ETS	ETS/EEBO/TEXT	
CME/source/CME_phase_3/CME00130.xml	ets-temphead-eebo	yes	ETS/TEMPHEAD/EEBO	ETS	ETS/EEBO/TEXT	
CME/source/CME_phase_3/CME00131.xml	ets-temphead-eebo	yes	ETS/TEMPHEAD/EEBO	ETS	ETS/EEBO/TEXT	
CME/source/CME_phase_3/CME00132.xml	ets-temphead-eebo	yes	ETS/TEMPHEAD/EEBO	ETS	ETS/EEBO/TEXT	
CME/source/CME_phase_3/CME00133.xml	ets-temphead-eebo	yes	ETS/TEMPHEAD/EEBO	ETS	ETS/EEBO/TEXT	
CME/source/CME_phase_3/CME00134.xml	ets-temphead-eebo	yes	ETS/TEMPHEAD/EEBO	ETS	ETS/EEBO/TEXT	
CME/source/CME_phase_3/CME00135.xml	ets-temphead-eebo	yes	ETS/TEMPHEAD/EEBO	ETS	ETS/EEBO/GROUP/TEXT	
CME/source/CME_phase_3/CME00136.xml	ets-temphead-eebo	yes	ETS/TEMPHEAD/EEBO	ETS	ETS/EEBO/TEXT	
CME/source/CME_phase_3/CME00137.xml	ets-temphead-eebo	yes	ETS/TEMPHEAD/EEBO	ETS	ETS/EEBO/TEXT	
CME/source/CME_phase_3/CME00138.xml	ets-temphead-eebo	yes	ETS/TEMPHEAD/EEBO	ETS	ETS/EEBO/TEXT	
CME/source/CME_phase_3/CME00139.xml	ets-temphead-eebo	yes	ETS/TEMPHEAD/EEBO	ETS	ETS/EEBO/TEXT	
CME/source/CME_phase_3/CME00140.xml	ets-temphead-eebo	yes	ETS/TEMPHEAD/EEBO	ETS	ETS/EEBO/TEXT	
CME/source/CME_phase_3/CME00141.xml	ets-temphead-eebo	yes	ETS/TEMPHEAD/EEBO	ETS	ETS/EEBO/TEXT	
CME/source/CME_phase_3/CME00142.xml	ets-temphead-eebo	yes	ETS/TEMPHEAD/EEBO	ETS	ETS/EEBO/TEXT	
CME/source/CME_phase_3/CME00144.xml	ets-temphead-eebo	yes	ETS/TEMPHEAD/EEBO	ETS	ETS/EEBO/TEXT	
CME/source/CME_phase_3/CME00145.xml	ets-temphead-eebo	yes	ETS/TEMPHEAD/EEBO	ETS	ETS/EEBO/TEXT	
CME/source/CME_phase_3/CME00146.xml	ets-temphead-eebo	yes	ETS/TEMPHEAD/EEBO	ETS	ETS/EEBO/TEXT	
CME/source/CME_phase_3/CME00147.xml	ets-temphead-eebo	yes	ETS/TEMPHEAD/EEBO	ETS	ETS/EEBO/TEXT	
CME/source/CME_phase_3/CME00148.xml	ets-temphead-eebo	yes	ETS/TEMPHEAD/EEBO	ETS	ETS/EEBO/TEXT	
CME/source/CME_phase_3/CME00149.xml	ets-temphead-eebo	yes	ETS/TEMPHEAD/EEBO	ETS	ETS/EEBO/TEXT	
CME/source/CME_phase_3/CME00150.xml	ets-temphead-eebo	yes	ETS/TEMPHEAD/EEBO	ETS	ETS/EEBO/TEXT	
CME/source/CME_phase_3/CME00151.xml	ets-temphead-eebo	yes	ETS/TEMPHEAD/EEBO	ETS	ETS/EEBO/TEXT	
CME/source/old_files/Corpus/MidEngCorpus/headwords_forms_and_IDs.202112.xml	headwords	yes	HEADWORDS/ENTRY/ENTRY/ENTRY/ENTRY	HEADWORDS	HEADWORDS	
CME/source/recent_changes/additions_2023/CME301.xml	ets-header-eebo	yes	ETS/HEADER/EEBO	ETS	ETS/EEBO/TEXT	
CME/source/recent_changes/additions_2023/CME302.xml	ets-header-eebo	yes	ETS/HEADER/EEBO	ETS	ETS/EEBO/TEXT	
CME/source/recent_changes/additions_2023/CME90022.xml	ets-header-eebo	yes	ETS/HEADER/EEBO	ETS	ETS/EEBO/TEXT	
CME/source/recent_changes/additions_2023/CME90033.xml	ets-header-eebo	yes	ETS/HEADER/EEBO	ETS	ETS/EEBO/TEXT	
CME/source/recent_changes/additions_2023/CME90053.xml	ets-header-eebo	yes	ETS/HEADER/EEBO	ETS	ETS/EEBO/TEXT	
CME/source/recent_changes/additions_2023/CME90162.xml	ets-header-eebo	yes	ETS/HEADER/EEBO	ETS	ETS/EEBO/TEXT	
CME/source/recent_changes/additions_2023/CME90174.xml	ets-header-eebo	yes	ETS/HEADER/EEBO	ETS	ETS/EEBO/TEXT	
CME/source/recent_changes/repairs_2023/CT.xml	dlpstextclass	yes	DLPSTEXTCLASS/HEADER/TEXT		DLPSTEXTCLASS/TEXT	
CME/source/recent_changes/repairs_2023/Paston.xml	dlpstextclass	yes	DLPSTEXTCLASS/HEADER/TEXT		DLPSTEXTCLASS/TEXT	
